{
  "name": "DiscordLite909",
  "version": "prod2",
  "modules": [
    {
      "id": "core-chat",
      "paths": [
        "backend/src/index.js",
        "frontend/app/page.js"
      ],
      "desc": "servers/channels/messages + Socket.IO realtime"
    },
    {
      "id": "livekit-streaming",
      "paths": [
        "backend/src/livekit.js",
        "livekit.yaml"
      ],
      "desc": "voice/video/screen share via LiveKit"
    },
    {
      "id": "invite-only-access",
      "paths": [
        "backend/src/auth.js",
        "backend/src/index.js"
      ],
      "desc": "invite-only signup + server join invites"
    },
    {
      "id": "superadmin-overwatch",
      "paths": [
        "backend/src/auth.js",
        "frontend/app/admin/page.js"
      ],
      "desc": "admin endpoints require SUPERADMIN_KEY + optional TOTP"
    },
    {
      "id": "audit-trail",
      "paths": [
        "backend/src/audit.js",
        "frontend/app/admin/page.js"
      ],
      "desc": "logs all user actions to audit_events + UI feed"
    },
    {
      "id": "discord-webhook-outbox",
      "paths": [
        "backend/src/discordWebhook.js",
        "backend/src/index.js"
      ],
      "desc": "rate-limit aware webhook queue"
    },
    {
      "id": "discord-bot-ingest",
      "paths": [
        "backend/src/discordbot.js",
        "backend/src/discordbot_start.js",
        "docker-compose.yml"
      ],
      "desc": "optional bot stores inbound Discord channel messages"
    },
    {
      "id": "at-rest-encryption",
      "paths": [
        "backend/src/cryptoAtRest.js",
        "backend/src/index.js"
      ],
      "desc": "AES-256-GCM encryption for message content at rest"
    },
    {
      "id": "security-sensors",
      "paths": [
        "docker-compose.security.yml",
        "frontend/app/admin/page.js"
      ],
      "desc": "optional Suricata + Falco"
    }
  ]
}
